{
  "metadata": {
    "scenario_id": "SCN-20260211-A0AD7C",
    "name": "Demo Stress Scenario",
    "author": "admin",
    "created_at": "2026-02-11T10:15:23.827152",
    "severity": "Severe",
    "horizon_days": 10,
    "approach": "Hybrid",
    "calibration": "Historical",
    "as_of_date": "2026-02-11T10:15:23.827159"
  },
  "narrative": {
    "text": "Baseline severe macro stress with rates up, equities down, and spread widening.",
    "themes": {
      "Recession": 0.4,
      "Stagflation": 0.4,
      "Geopolitical": 0.2
    },
    "transmission_links": []
  },
  "shocks": {
    "asset_class_shocks": {
      "Rates": {
        "parallel_shift_bp": 56.4,
        "twist_bp": 14.1,
        "butterfly_bp": 7.05
      },
      "FX": {
        "spot_pct": -0.0564,
        "vol_pct": 0.282,
        "basis_bp": 11.28
      },
      "Equities": {
        "index_pct": -0.141,
        "sector_dispersion_pct": 0.0705,
        "vol_atm_pct": 0.423
      },
      "Credit": {
        "ig_bp": 77.55,
        "hy_bp": 253.8,
        "recovery_shift_pct": -0.1128
      },
      "Commodities": {
        "energy_pct": -0.0846,
        "metals_pct": -0.0564,
        "ag_pct": -0.0423
      },
      "Volatility": {
        "vix_pts": 14.1,
        "move_pts": 28.2,
        "corr_shift": 0.282
      }
    },
    "locked_drivers": [
      "DRV-0000708",
      "DRV-0001333",
      "DRV-0001382",
      "DRV-0001478",
      "DRV-0003238",
      "DRV-0003544",
      "DRV-0003545",
      "DRV-0004834",
      "DRV-0005058",
      "DRV-0005407",
      "DRV-0006705",
      "DRV-0006848",
      "DRV-0006947",
      "DRV-0006960",
      "DRV-0007485",
      "DRV-0009025",
      "DRV-0009223",
      "DRV-0009356",
      "DRV-0009454",
      "DRV-0009598",
      "DRV-0010256",
      "DRV-0010925",
      "DRV-0011822",
      "DRV-0011978",
      "DRV-0012749",
      "DRV-0012949",
      "DRV-0013113",
      "DRV-0013426",
      "DRV-0013530",
      "DRV-0013562",
      "DRV-0013827",
      "DRV-0013866",
      "DRV-0013914",
      "DRV-0014642",
      "DRV-0015898",
      "DRV-0016606",
      "DRV-0016936",
      "DRV-0016965",
      "DRV-0017079",
      "DRV-0018398",
      "DRV-0018693",
      "DRV-0019466",
      "DRV-0019745",
      "DRV-0020002",
      "DRV-0020404",
      "DRV-0020636",
      "DRV-0021216",
      "DRV-0021572",
      "DRV-0021816",
      "DRV-0022492",
      "DRV-0022786",
      "DRV-0023693",
      "DRV-0024244",
      "DRV-0024870",
      "DRV-0024951",
      "DRV-0025232",
      "DRV-0025758",
      "DRV-0026033",
      "DRV-0026074",
      "DRV-0026081",
      "DRV-0026538",
      "DRV-0027907",
      "DRV-0028125",
      "DRV-0028525",
      "DRV-0029689",
      "DRV-0029938",
      "DRV-0030004",
      "DRV-0030438",
      "DRV-0030615",
      "DRV-0031262",
      "DRV-0032005",
      "DRV-0032367",
      "DRV-0032754",
      "DRV-0033165",
      "DRV-0033223",
      "DRV-0033315",
      "DRV-0034280",
      "DRV-0034328",
      "DRV-0034636",
      "DRV-0034864",
      "DRV-0035284",
      "DRV-0035370",
      "DRV-0035624",
      "DRV-0035677",
      "DRV-0036513",
      "DRV-0036697",
      "DRV-0037375",
      "DRV-0038101",
      "DRV-0038851",
      "DRV-0039253",
      "DRV-0039631",
      "DRV-0039665",
      "DRV-0040039",
      "DRV-0042701",
      "DRV-0043086",
      "DRV-0043109",
      "DRV-0043355",
      "DRV-0043584",
      "DRV-0044076",
      "DRV-0046501",
      "DRV-0046679",
      "DRV-0046970",
      "DRV-0047262",
      "DRV-0048038",
      "DRV-0048103",
      "DRV-0048245",
      "DRV-0048790",
      "DRV-0049168",
      "DRV-0049291",
      "DRV-0051262",
      "DRV-0051339",
      "DRV-0051735",
      "DRV-0052078",
      "DRV-0052133",
      "DRV-0052340",
      "DRV-0052553",
      "DRV-0052878",
      "DRV-0053065",
      "DRV-0053185",
      "DRV-0055500",
      "DRV-0055935",
      "DRV-0055956",
      "DRV-0056456",
      "DRV-0056963",
      "DRV-0056983",
      "DRV-0057199",
      "DRV-0057386",
      "DRV-0057541",
      "DRV-0058222",
      "DRV-0058688",
      "DRV-0058800",
      "DRV-0058810",
      "DRV-0059542",
      "DRV-0059607",
      "DRV-0059965"
    ],
    "risk_driver_shock_count": 1200
  }
}